Workbook

Sheet Results
J15: Top ranked 12 drugs | K15: Tanimoto coefficient (Max.) | L15: Tanimoto coefficient (Min.) | M15: Tanimoto coefficient Avg.(Sd)
J16: Dacomitinib | K16: =MAX(Dacomitinib!E2:E2112) -> 0.58333333 | L16: =MIN(Dacomitinib!E2:E2112) -> 0.042553191 | M16: 0.139 (0.059)
J17: Lapatinib | K17: =MAX(Lapatinib!E2:E2112) -> 0.35714286 | L17: =MIN(Lapatinib!E2:E2112) -> 0.018518519 | M17: 0.124 (0.044)
J18: Gefitinib | K18: =MAX(Gefitinib!E2:E2112) -> 0.68333333 | L18: =MIN(Gefitinib!E2:E2112) -> 0.034090909 | M18: 0.128 (0.063)
J19: Afatinib | K19: =MAX(Afatinib!E2:E2112) -> 0.4556962 | L19: =MIN(Afatinib!E2:E2112) -> 0.037383178 | M19: 0.126 (0.048)
J20: Staurosporine | K20: =MAX(Staurosporine!E2:E2112) -> 0.88571429 | L20: =MIN(Staurosporine!E2:E2112) -> 0.022222222 | M20: 0.119 (0.097)
J21: Emodin | K21: =MAX(Emodin!E2:E2112) -> 0.475 | L21: =MIN(Emodin!E2:E2112) -> 0.018181818 | M21: 0.094 (0.036)
J22: Tenofovir alafenamide | K22: =MAX('Tenofovir alafenamide'!E2:E2112) -> 0.29268293 | L22: =MIN('Tenofovir alafenamide'!E2:E2112) -> 0.0375 | M22: 0.124 (0.043)
J23: Kaempferol | K23: =MAX(Kaempferol!E2:E2112) -> 0.78378378 | L23: =MIN(Kaempferol!E2:E2112) -> 0 | M23: 0.096 (0.039)
J24: Genistein | K24: =MAX(Genistein!E2:E2112) -> 0.55555556 | L24: =MIN(Genistein!E2:E2112) -> 0 | M24: 0.101 (0.038)
J25: Apigenin | K25: =MAX(Apigenin!E2:E2112) -> 0.5 | L25: =MIN(Apigenin!E2:E2112) -> 0 | M25: 0.096 (0.036)
J26: Idarubicin | K26: =MAX(Idarubicin!E2:E2112) -> 0.24675325 | L26: =MIN(Idarubicin!E2:E2112) -> 0.027027027 | M26: 0.100 (0.030)
J27: Astemizole | K27: =MAX(Astemizole!E2:E2112) -> 0.26373626 | L27: =MIN(Astemizole!E2:E2112) -> 0.025974026 | M27: 0.117 (0.039)
O29: Cut of criteria
O30: Tanimoto coffiecient (Tc>0.8) = strong similiratiy
O31: 1. Ucak UV, Ashyrmamatov I, Ko J, Lee J. Retrosynthetic reaction pathway prediction through neural machine translation of atomic environments. Nature communications. 2022 Mar 4;13(1):1186.
O32: 2. Ouyang J, Chen J, Wu Z, You K, Chen T, Gao YQ, Li P, Zhang X, Li T. Navigating condensate micropolarity to enhance small-molecule drug targeting. Nature chemical biology. 2025 Sep 9:1-1.

Sheet Dacomitinib
A1: query_drug_id | B1: query_smiles | C1: ref_drug_id | D1: ref_smiles | E1: tanimoto_similarity | F1: =AVERAGE(E2:E2112) -> 0.13907064
A2: Dacomitinib | B2: COc1cc2ncnc(Nc3ccc(F)c(Cl)c3)c2cc1NC(=O)/C=C/CN1CCCCC1 | C2: CHEMBL206955 | D2: COc1cc2ncnc(Nc3ccc(F)c(Cl)c3)c2cc1CN1CCCC1C(N)=O | E2: 0.58333333
A3: Dacomitinib | B3: COc1cc2ncnc(Nc3ccc(F)c(Cl)c3)c2cc1NC(=O)/C=C/CN1CCCCC1 | C3: CHEMBL382638 | D3: COc1cc2ncnc(Nc3ccc(F)c(Cl)c3)c2cc1CN1CCCC1C(N)=O | E3: 0.58333333
A4: Dacomitinib | B4: COc1cc2ncnc(Nc3ccc(F)c(Cl)c3)c2cc1NC(=O)/C=C/CN1CCCCC1 | C4: CHEMBL301018 | D4: COc1cc2ncnc(Nc3ccc(F)c(Cl)c3)c2cc1OC | E4: 0.56521739
A5: Dacomitinib | B5: COc1cc2ncnc(Nc3ccc(F)c(Cl)c3)c2cc1NC(=O)/C=C/CN1CCCCC1 | C5: CHEMBL437885 | D5: COc1cc2ncnc(Nc3cccc(Cl)c3F)c2cc1CN1CCCC1 | E5: 0.48780488
A6: Dacomitinib | B6: COc1cc2ncnc(Nc3ccc(F)c(Cl)c3)c2cc1NC(=O)/C=C/CN1CCCCC1 | C6: CHEMBL383760 | D6: CNC(=O)C1CCCN1Cc1cc2c(Nc3cccc(Cl)c3F)ncnc2cc1OC | E6: 0.4516129
A7: Dacomitinib | B7: COc1cc2ncnc(Nc3ccc(F)c(Cl)c3)c2cc1NC(=O)/C=C/CN1CCCCC1 | C7: CHEMBL206783 | D7: COc1cc2ncnc(Nc3cccc(Cl)c3F)c2cc1CN1CCCCC1C(N)=O | E7: 0.4516129
A8: Dacomitinib | B8: COc1cc2ncnc(Nc3ccc(F)c(Cl)c3)c2cc1NC(=O)/C=C/CN1CCCCC1 | C8: CHEMBL207037 | D8: COc1cc2ncnc(Nc3cccc(Cl)c3F)c2cc1CN1CC(C(N)=O)C1 | E8: 0.4494382
A9: Dacomitinib | B9: COc1cc2ncnc(Nc3ccc(F)c(Cl)c3)c2cc1NC(=O)/C=C/CN1CCCCC1 | C9: CHEMBL380454 | D9: COc1cc2ncnc(Nc3cccc(Cl)c3F)c2cc1CN1CCC(C(N)=O)C1 | E9: 0.44565217
A10: Dacomitinib | B10: COc1cc2ncnc(Nc3ccc(F)c(Cl)c3)c2cc1NC(=O)/C=C/CN1CCCCC1 | C10: CHEMBL207584 | D10: COc1cc2ncnc(Nc3cccc(Cl)c3F)c2cc1CN1CCCC1C(N)=O | E10: 0.44086022
A11: Dacomitinib | B11: COc1cc2ncnc(Nc3ccc(F)c(Cl)c3)c2cc1NC(=O)/C=C/CN1CCCCC1 | C11: CHEMBL208292 | D11: COc1cc2ncnc(Nc3cccc(Cl)c3F)c2cc1CN1CCCC1C(N)=O | E11: 0.44086022
A12: Dacomitinib | B12: COc1cc2ncnc(Nc3ccc(F)c(Cl)c3)c2cc1NC(=O)/C=C/CN1CCCCC1 | C12: CHEMBL377772 | D12: COc1cc2ncnc(Nc3cccc(Cl)c3F)c2cc1CN1CCCC1CC(N)=O | E12: 0.43617021
A13: Dacomitinib | B13: COc1cc2ncnc(Nc3ccc(F)c(Cl)c3)c2cc1NC(=O)/C=C/CN1CCCCC1 | C13: CHEMBL207246 | D13: COc1cc2ncnc(Nc3cccc(Cl)c3F)c2cc1CN1CCC1C(N)=O | E13: 0.43478261
... A2112: Dacomitinib | B2112: COc1cc2ncnc(Nc3ccc(F)c(Cl)c3)c2cc1NC(=O)/C=C/CN1CCCCC1 | C2112: CHEMBL260135 | D2112: Nc1[nH]nc2nnc(-c3ccccc3)c(-c3ccccc3)c12 | E2112: 0.042553191

Sheet Lapatinib
A1: query_drug_id | B1: query_smiles | C1: ref_drug_id | D1: ref_smiles | E1: tanimoto_similarity | F1: =AVERAGE(E2:E2112) -> 0.12353568
A2: Lapatinib | B2: CS(=O)(=O)CCNCc1ccc(-c2ccc3ncnc(Nc4ccc(OCc5cccc(F)c5)c(Cl)c4)c3c2)o1 | C2: CHEMBL301018 | D2: COc1cc2ncnc(Nc3ccc(F)c(Cl)c3)c2cc1OC | E2: 0.35714286
A3: Lapatinib | B3: CS(=O)(=O)CCNCc1ccc(-c2ccc3ncnc(Nc4ccc(OCc5cccc(F)c5)c(Cl)c4)c3c2)o1 | C3: CHEMBL1999749 | D3: COc1cc(Nc2ncnc3ccc(-c4ccc(CN5CC6C(CO)C6C5)cc4)cc23)ccc1Oc1ccccc1 | E3: 0.32075472
A4: Lapatinib | B4: CS(=O)(=O)CCNCc1ccc(-c2ccc3ncnc(Nc4ccc(OCc5cccc(F)c5)c(Cl)c4)c3c2)o1 | C4: CHEMBL206955 | D4: COc1cc2ncnc(Nc3ccc(F)c(Cl)c3)c2cc1CN1CCCC1C(N)=O | E4: 0.31132075
A5: Lapatinib | B5: CS(=O)(=O)CCNCc1ccc(-c2ccc3ncnc(Nc4ccc(OCc5cccc(F)c5)c(Cl)c4)c3c2)o1 | C5: CHEMBL382638 | D5: COc1cc2ncnc(Nc3ccc(F)c(Cl)c3)c2cc1CN1CCCC1C(N)=O | E5: 0.31132075
A6: Lapatinib | B6: CS(=O)(=O)CCNCc1ccc(-c2ccc3ncnc(Nc4ccc(OCc5cccc(F)c5)c(Cl)c4)c3c2)o1 | C6: CHEMBL1980163 | D6: c1ccc(COc2ccc(Nc3ncnc4ccccc34)cc2)cc1 | E6: 0.30952381
A7: Lapatinib | B7: CS(=O)(=O)CCNCc1ccc(-c2ccc3ncnc(Nc4ccc(OCc5cccc(F)c5)c(Cl)c4)c3c2)o1 | C7: CHEMBL211003 | D7: CNC(=O)C(C)N(C)Cc1cc2c(Nc3cccc(Cl)c3F)ncnc2cc1OC | E7: 0.30769231
A8: Lapatinib | B8: CS(=O)(=O)CCNCc1ccc(-c2ccc3ncnc(Nc4ccc(OCc5cccc(F)c5)c(Cl)c4)c3c2)o1 | C8: CHEMBL208048 | D8: COc1cc2ncnc(Nc3cccc(Cl)c3F)c2cc1CN(C(C)C)C(C)C(N)=O | E8: 0.30769231
A9: Lapatinib | B9: CS(=O)(=O)CCNCc1ccc(-c2ccc3ncnc(Nc4ccc(OCc5cccc(F)c5)c(Cl)c4)c3c2)o1 | C9: CHEMBL2048912 | D9: CC(C)(N)C(=O)NCCn1ccc2ncnc(Nc3ccc(Oc4cccc5sncc45)c(Cl)c3)c21 | E9: 0.30630631
A10: Lapatinib | B10: CS(=O)(=O)CCNCc1ccc(-c2ccc3ncnc(Nc4ccc(OCc5cccc(F)c5)c(Cl)c4)c3c2)o1 | C10: CHEMBL2148053 | D10: CC(C)(C(=O)NCCn1ccc2ncnc(Nc3ccc(Oc4cccc(Cl)c4)c(Cl)c3)c21)S(C)(=O)=O.Cc1ccc(S(=O)(=O)O)cc1 | E10: 0.30434783
A11: Lapatinib | B11: CS(=O)(=O)CCNCc1ccc(-c2ccc3ncnc(Nc4ccc(OCc5cccc(F)c5)c(Cl)c4)c3c2)o1 | C11: CHEMBL380386 | D11: COc1cc2ncnc(Nc3cccc(Cl)c3F)c2cc1CNC(C)C(N)=O | E11: 0.30392157
A12: Lapatinib | B12: CS(=O)(=O)CCNCc1ccc(-c2ccc3ncnc(Nc4ccc(OCc5cccc(F)c5)c(Cl)c4)c3c2)o1 | C12: CHEMBL379601 | D12: COc1cc2ncnc(Nc3cccc(Cl)c3F)c2cc1CN(C)CC(N)=O | E12: 0.30392157
A13: Lapatinib | B13: CS(=O)(=O)CCNCc1ccc(-c2ccc3ncnc(Nc4ccc(OCc5cccc(F)c5)c(Cl)c4)c3c2)o1 | C13: CHEMBL2035810 | D13: C=CC(=O)NCc1coc(-c2c(N)ncnc2Nc2ccc(OCc3ccccn3)c(Cl)c2)n1 | E13: 0.3
... A2112: Lapatinib | B2112: CS(=O)(=O)CCNCc1ccc(-c2ccc3ncnc(Nc4ccc(OCc5cccc(F)c5)c(Cl)c4)c3c2)o1 | C2112: CHEMBL1969537 | D2112: S=c1[nH]nc2c3c4c(sc3n3c(=S)[nH]nc3n12)CCC4 | E2112: 0.018518519

Sheet Gefitinib
A1: query_drug_id | B1: query_smiles | C1: ref_drug_id | D1: ref_smiles | E1: tanimoto_similarity | F1: =AVERAGE(E2:E2112) -> 0.12750438
A2: Gefitinib | B2: COc1cc2ncnc(Nc3ccc(F)c(Cl)c3)c2cc1OCCCN1CCOCC1 | C2: CHEMBL301018 | D2: COc1cc2ncnc(Nc3ccc(F)c(Cl)c3)c2cc1OC | E2: 0.68333333
A3: Gefitinib | B3: COc1cc2ncnc(Nc3ccc(F)c(Cl)c3)c2cc1OCCCN1CCOCC1 | C3: CHEMBL202721 | D3: COc1cc2c(Nc3ccc(NC(=O)c4ccccc4)cc3)ncnc2cc1OCCCN1CCOCC1 | E3: 0.65333333
A4: Gefitinib | B4: COc1cc2ncnc(Nc3ccc(F)c(Cl)c3)c2cc1OCCCN1CCOCC1 | C4: CHEMBL206955 | D4: COc1cc2ncnc(Nc3ccc(F)c(Cl)c3)c2cc1CN1CCCC1C(N)=O | E4: 0.51807229
A5: Gefitinib | B5: COc1cc2ncnc(Nc3ccc(F)c(Cl)c3)c2cc1OCCCN1CCOCC1 | C5: CHEMBL382638 | D5: COc1cc2ncnc(Nc3ccc(F)c(Cl)c3)c2cc1CN1CCCC1C(N)=O | E5: 0.51807229
A6: Gefitinib | B6: COc1cc2ncnc(Nc3ccc(F)c(Cl)c3)c2cc1OCCCN1CCOCC1 | C6: CHEMBL125898 | D6: COc1cc2c(N3CCN(C(=O)Nc4ccc(OC(C)C)cc4)CC3)ncnc2cc1OCCCN1CCOCC1 | E6: 0.5
A7: Gefitinib | B7: COc1cc2ncnc(Nc3ccc(F)c(Cl)c3)c2cc1OCCCN1CCOCC1 | C7: CHEMBL453737 | D7: COc1cc2c(Oc3ccc(-c4cnc(Nc5ccc(F)cc5)n(C)c4=O)cc3F)ccnc2cc1OCCCN1CCOCC1 | E7: 0.47311828
A8: Gefitinib | B8: COc1cc2ncnc(Nc3ccc(F)c(Cl)c3)c2cc1OCCCN1CCOCC1 | C8: CHEMBL201307 | D8: COc1cc2c(Nc3ncc(CC(=O)Nc4cccc(F)c4)s3)ncnc2cc1OCCCN1CCC(CO)CC1 | E8: 0.46315789
A9: Gefitinib | B9: COc1cc2ncnc(Nc3ccc(F)c(Cl)c3)c2cc1OCCCN1CCOCC1 | C9: CHEMBL447602 | D9: COc1cc2c(Oc3ccc(-c4cnc(Nc5ccc(F)cc5)n(C)c4=O)nc3)ccnc2cc1OCCCN1CCOCC1 | E9: 0.45744681
A10: Gefitinib | B10: COc1cc2ncnc(Nc3ccc(F)c(Cl)c3)c2cc1OCCCN1CCOCC1 | C10: CHEMBL437885 | D10: COc1cc2ncnc(Nc3cccc(Cl)c3F)c2cc1CN1CCCC1 | E10: 0.4556962
A11: Gefitinib | B11: COc1cc2ncnc(Nc3ccc(F)c(Cl)c3)c2cc1OCCCN1CCOCC1 | C11: CHEMBL281872 | D11: COc1cc2c(Nc3ccc(Br)cc3F)ncnc2cc1OCCn1ccnn1 | E11: 0.44444444
A12: Gefitinib | B12: COc1cc2ncnc(Nc3ccc(F)c(Cl)c3)c2cc1OCCCN1CCOCC1 | C12: CHEMBL533849 | D12: COc1cc2c(Nc3ccc(Br)cc3F)ncnc2cc1OCC1CCN(C)CC1.Cl | E12: 0.43902439
A13: Gefitinib | B13: COc1cc2ncnc(Nc3ccc(F)c(Cl)c3)c2cc1OCCCN1CCOCC1 | C13: CHEMBL29197 | D13: COc1cc2ncnc(Nc3cccc(Br)c3)c2cc1OC | E13: 0.43478261
... A2112: Gefitinib | B2112: COc1cc2ncnc(Nc3ccc(F)c(Cl)c3)c2cc1OCCCN1CCOCC1 | C2112: CHEMBL86755 | D2112: O=C1Nc2ccccc2C1=Cc1ccc[nH]1 | E2112: 0.034090909

Sheet Afatinib
A1: query_drug_id | B1: query_smiles | C1: ref_drug_id | D1: ref_smiles | E1: tanimoto_similarity | F1: =AVERAGE(E2:E2112) -> 0.12578459
A2: Afatinib | B2: CN(C)C/C=C/C(=O)Nc1cc2c(Nc3ccc(F)c(Cl)c3)ncnc2cc1O[C@H]1CCOC1 | C2: CHEMBL301018 | D2: COc1cc2ncnc(Nc3ccc(F)c(Cl)c3)c2cc1OC | E2: 0.4556962
A3: Afatinib | B3: CN(C)C/C=C/C(=O)Nc1cc2c(Nc3ccc(F)c(Cl)c3)ncnc2cc1O[C@H]1CCOC1 | C3: CHEMBL206955 | D3: COc1cc2ncnc(Nc3ccc(F)c(Cl)c3)c2cc1CN1CCCC1C(N)=O | E3: 0.44329897
A4: Afatinib | B4: CN(C)C/C=C/C(=O)Nc1cc2c(Nc3ccc(F)c(Cl)c3)ncnc2cc1O[C@H]1CCOC1 | C4: CHEMBL382638 | D4: COc1cc2ncnc(Nc3ccc(F)c(Cl)c3)c2cc1CN1CCCC1C(N)=O | E4: 0.44329897
A5: Afatinib | B5: CN(C)C/C=C/C(=O)Nc1cc2c(Nc3ccc(F)c(Cl)c3)ncnc2cc1O[C@H]1CCOC1 | C5: CHEMBL207674 | D5: COc1cc2ncnc(Nc3cccc(Cl)c3F)c2cc1CN1CCOCC1C(N)=O | E5: 0.37142857
A6: Afatinib | B6: CN(C)C/C=C/C(=O)Nc1cc2c(Nc3ccc(F)c(Cl)c3)ncnc2cc1O[C@H]1CCOC1 | C6: CHEMBL569880 | D6: C=CC(=O)N1CCCC1C(=O)Nc1cc2c(Nc3ccc(F)c(Cl)c3F)ncnc2cc1OCCOC | E6: 0.36697248
A7: Afatinib | B7: CN(C)C/C=C/C(=O)Nc1cc2c(Nc3ccc(F)c(Cl)c3)ncnc2cc1O[C@H]1CCOC1 | C7: CHEMBL382822 | D7: COc1cc2ncnc(Nc3cccc(Cl)c3F)c2cc1CN1CCCC1C(=O)N(C)C | E7: 0.36190476
A8: Afatinib | B8: CN(C)C/C=C/C(=O)Nc1cc2c(Nc3ccc(F)c(Cl)c3)ncnc2cc1O[C@H]1CCOC1 | C8: CHEMBL571040 | D8: C=CC(=O)N1CCCC1C(=O)Nc1cc2c(Nc3cccc(Cl)c3F)ncnc2cc1OCCOC | E8: 0.35454545
A9: Afatinib | B9: CN(C)C/C=C/C(=O)Nc1cc2c(Nc3ccc(F)c(Cl)c3)ncnc2cc1O[C@H]1CCOC1 | C9: CHEMBL211003 | D9: CNC(=O)C(C)N(C)Cc1cc2c(Nc3cccc(Cl)c3F)ncnc2cc1OC | E9: 0.34313725
A10: Afatinib | B10: CN(C)C/C=C/C(=O)Nc1cc2c(Nc3ccc(F)c(Cl)c3)ncnc2cc1O[C@H]1CCOC1 | C10: CHEMBL379601 | D10: COc1cc2ncnc(Nc3cccc(Cl)c3F)c2cc1CN(C)CC(N)=O | E10: 0.34
A11: Afatinib | B11: CN(C)C/C=C/C(=O)Nc1cc2c(Nc3ccc(F)c(Cl)c3)ncnc2cc1O[C@H]1CCOC1 | C11: CHEMBL207246 | D11: COc1cc2ncnc(Nc3cccc(Cl)c3F)c2cc1CN1CCC1C(N)=O | E11: 0.33653846
A12: Afatinib | B12: CN(C)C/C=C/C(=O)Nc1cc2c(Nc3ccc(F)c(Cl)c3)ncnc2cc1O[C@H]1CCOC1 | C12: CHEMBL380889 | D12: COc1cc2ncnc(Nc3cccc(Cl)c3F)c2cc1CN(C)C(CN(C)C)C(N)=O | E12: 0.33653846
A13: Afatinib | B13: CN(C)C/C=C/C(=O)Nc1cc2c(Nc3ccc(F)c(Cl)c3)ncnc2cc1O[C@H]1CCOC1 | C13: CHEMBL380006 | D13: COc1cc2ncnc(Nc3cccc(Cl)c3F)c2cc1CN(C)C(C)C(=O)N(C)C | E13: 0.33333333
... A2112: Afatinib | B2112: CN(C)C/C=C/C(=O)Nc1cc2c(Nc3ccc(F)c(Cl)c3)ncnc2cc1O[C@H]1CCOC1 | C2112: CHEMBL1969537 | D2112: S=c1[nH]nc2c3c4c(sc3n3c(=S)[nH]nc3n12)CCC4 | E2112: 0.037383178

Sheet Staurosporine
A1: query_drug_id | B1: query_smiles | C1: ref_drug_id | D1: ref_smiles | E1: tanimoto_similarity | F1: =AVERAGE(E2:E2112) -> 0.11905687
A2: Staurosporine | B2: CN[C@@H]1C[C@H]2O[C@@](C)([C@@H]1OC)n1c3ccccc3c3c4c(c5c6ccccc6n2c5c31)C(=O)NC4 | C2: CHEMBL83790 | D2: CNC1CC2OC(C)(C1OC)n1c3ccccc3c3c4c(c5c6cc(O)ccc6n2c5c31)C(=O)NC4 | E2: 0.88571429
A3: Staurosporine | B3: CN[C@@H]1C[C@H]2O[C@@](C)([C@@H]1OC)n1c3ccccc3c3c4c(c5c6ccccc6n2c5c31)C(=O)NC4 | C3: CHEMBL337026 | D3: CNC1CC2OC(C)(C1OC)n1c3ccccc3c3c4c(c5c6ccccc6n2c5c31)C(=O)NC4=O | E3: 0.81538462
A4: Staurosporine | B4: CN[C@@H]1C[C@H]2O[C@@](C)([C@@H]1OC)n1c3ccccc3c3c4c(c5c6ccccc6n2c5c31)C(=O)NC4 | C4: CHEMBL1980995 | D4: CNC1CC2OC(C)(C1OC)n1c3ccccccc3c3c4c(c5c6ccccc6n2c5c31)C(=O)NC4 | E4: 0.80821918
A5: Staurosporine | B5: CN[C@@H]1C[C@H]2O[C@@](C)([C@@H]1OC)n1c3ccccc3c3c4c(c5c6ccccc6n2c5c31)C(=O)NC4 | C5: CHEMBL423731 | D5: COC1C(O)CC2OC1(C)n1c3ccccc3c3c4c(c5c6ccccc6n2c5c31)C(=O)NC4 | E5: 0.79411765
A6: Staurosporine | B6: CN[C@@H]1C[C@H]2O[C@@](C)([C@@H]1OC)n1c3ccccc3c3c4c(c5c6ccccc6n2c5c31)C(=O)NC4 | C6: CHEMBL335648 | D6: COC1C([N+](C)(C)C)CC2OC1(C)n1c3ccccc3c3c4c(c5c6ccccc6n2c5c31)C(=O)NC4 | E6: 0.77142857
A7: Staurosporine | B7: CN[C@@H]1C[C@H]2O[C@@](C)([C@@H]1OC)n1c3ccccc3c3c4c(c5c6ccccc6n2c5c31)C(=O)NC4 | C7: CHEMBL294653 | D7: CNC1CC2OC(C)(C1OC)n1c3ccccc3c3c4c(c5c6ccccc6n2c5c31)C(=O)OC4 | E7: 0.76811594
A8: Staurosporine | B8: CN[C@@H]1C[C@H]2O[C@@](C)([C@@H]1OC)n1c3ccccc3c3c4c(c5c6ccccc6n2c5c31)C(=O)NC4 | C8: CHEMBL130049 | D8: COC(=O)N(C)C1CC2OC(C)(C1OC)n1c3ccccc3c3c4c(c5c6ccccc6n2c5c31)C(=O)NC4 | E8: 0.73333333
A9: Staurosporine | B9: CN[C@@H]1C[C@H]2O[C@@](C)([C@@H]1OC)n1c3ccccc3c3c4c(c5c6ccccc6n2c5c31)C(=O)NC4 | C9: CHEMBL129946 | D9: CCN(C)C1CC2OC(C)(C1OC)n1c3ccccc3c3c4c(c5c6ccccc6n2c5c31)C(=O)NC4 | E9: 0.72972973
A10: Staurosporine | B10: CN[C@@H]1C[C@H]2O[C@@](C)([C@@H]1OC)n1c3ccccc3c3c4c(c5c6ccccc6n2c5c31)C(=O)NC4 | C10: CHEMBL340611 | D10: CC[N+](C)(C)C1CC2OC(C)(C1OC)n1c3ccccc3c3c4c(c5c6ccccc6n2c5c31)C(=O)NC4 | E10: 0.72972973
A11: Staurosporine | B11: CN[C@@H]1C[C@H]2O[C@@](C)([C@@H]1OC)n1c3ccccc3c3c4c(c5c6ccccc6n2c5c31)C(=O)NC4 | C11: CHEMBL434415 | D11: COC1C(N(C)c2ccccc2)CC2OC1(C)n1c3ccccc3c3c4c(c5c6ccccc6n2c5c31)C(=O)NC4 | E11: 0.72972973
A12: Staurosporine | B12: CN[C@@H]1C[C@H]2O[C@@](C)([C@@H]1OC)n1c3ccccc3c3c4c(c5c6ccccc6n2c5c31)C(=O)NC4 | C12: CHEMBL337035 | D12: CNC(=S)N(C)C1CC2OC(C)(C1OC)n1c3ccccc3c3c4c(c5c6ccccc6n2c5c31)C(=O)NC4 | E12: 0.72727273
A13: Staurosporine | B13: CN[C@@H]1C[C@H]2O[C@@](C)([C@@H]1OC)n1c3ccccc3c3c4c(c5c6ccccc6n2c5c31)C(=O)NC4 | C13: CHEMBL338155 | D13: CNC1CC2OC(C)(C1OC)n1c3ccccc3c3c4c(c5c6ccccc6n2c5c31)C(O)NC4=O | E13: 0.7260274
... A2112: Staurosporine | B2112: CN[C@@H]1C[C@H]2O[C@@](C)([C@@H]1OC)n1c3ccccc3c3c4c(c5c6ccccc6n2c5c31)C(=O)NC4 | C2112: CHEMBL52850 | D2112: CCCCCCCCCCCCCCCCOCC(COCCCC[N+](C)(C)C)OCC.[Br-] | E2112: 0.022222222

Sheet Emodin
A1: query_drug_id | B1: query_smiles | C1: ref_drug_id | D1: ref_smiles | E1: tanimoto_similarity | F1: =AVERAGE(E2:E2112) -> 0.093738943
A2: Emodin | B2: Cc1cc(O)c2c(c1)C(=O)c1cc(O)cc(O)c1C2=O | C2: CHEMBL556684 | D2: COc1cc(O)c2c(c1)C(=O)c1cc(C)c(O)c(O)c1C2=O | E2: 0.475
A3: Emodin | B3: Cc1cc(O)c2c(c1)C(=O)c1cc(O)cc(O)c1C2=O | C3: CHEMBL463054 | D3: COc1cc(O)c2c(c1)C(=O)c1cc(C)c(O)cc1C2=O | E3: 0.45
A4: Emodin | B4: Cc1cc(O)c2c(c1)C(=O)c1cc(O)cc(O)c1C2=O | C4: CHEMBL483532 | D4: Cc1cc(O)c(O)cc1-c1cc(O)cc(O)c1C(=O)O | E4: 0.35
A5: Emodin | B5: Cc1cc(O)c2c(c1)C(=O)c1cc(O)cc(O)c1C2=O | C5: CHEMBL512054 | D5: COc1cc(O)c2c(c1)C(=O)C1=C(C2=O)C(O)C(O)C(C)(O)C1O | E5: 0.34693878
A6: Emodin | B6: Cc1cc(O)c2c(c1)C(=O)c1cc(O)cc(O)c1C2=O | C6: CHEMBL466154 | D6: Cc1cc(O)cc2oc3cc(O)cc(O)c3c(=O)c12 | E6: 0.31707317
A7: Emodin | B7: Cc1cc(O)c2c(c1)C(=O)c1cc(O)cc(O)c1C2=O | C7: CHEMBL519982 | D7: Cc1cc(O)cc2oc(=O)c3c(O)cc(O)cc3c12 | E7: 0.29545455
A8: Emodin | B8: Cc1cc(O)c2c(c1)C(=O)c1cc(O)cc(O)c1C2=O | C8: CHEMBL454440 | D8: Cc1c(O)c(O)cc2oc3cc(O)cc(O)c3c(=O)c12 | E8: 0.29545455
A9: Emodin | B9: Cc1cc(O)c2c(c1)C(=O)c1cc(O)cc(O)c1C2=O | C9: CHEMBL554993 | D9: COc1cc2c(c(O)c1-c1c(OC)cc(O)c3c1C(=O)C1=C(C3=O)C(O)C(O)C(C)(O)C1O)C(=O)c1cc(O)c(C)cc1C2=O | E9: 0.27419355
A10: Emodin | B10: Cc1cc(O)c2c(c1)C(=O)c1cc(O)cc(O)c1C2=O | C10: CHEMBL507058 | D10: COc1cc(O)c2c(c1)-c1cc(O)c(O)cc1COC2=O | E10: 0.26530612
A11: Emodin | B11: Cc1cc(O)c2c(c1)C(=O)c1cc(O)cc(O)c1C2=O | C11: CHEMBL1970873 | D11: Cc1ccc2c(c1)C(=O)Nc1ccccc1N2 | E11: 0.26190476
A12: Emodin | B12: Cc1cc(O)c2c(c1)C(=O)c1cc(O)cc(O)c1C2=O | C12: CHEMBL44 | D12: O=c1c(-c2ccc(O)cc2)coc2cc(O)cc(O)c12 | E12: 0.26086957
A13: Emodin | B13: Cc1cc(O)c2c(c1)C(=O)c1cc(O)cc(O)c1C2=O | C13: CHEMBL483525 | D13: Cc1cc(O)cc2oc(=O)c3c(O)cc(OS(=O)(=O)O)cc3c12 | E13: 0.24528302
... A2112: Emodin | B2112: Cc1cc(O)c2c(c1)C(=O)c1cc(O)cc(O)c1C2=O | C2112: CHEMBL28893 | D2112: CCCCCCCCCCCCCCCCSCC(C[N+](C)(C)C)OC.[Br-] | E2112: 0.018181818

Sheet Tenofovir alafenamide
A1: query_drug_id | B1: query_smiles | C1: ref_drug_id | D1: ref_smiles | E1: tanimoto_similarity | F1: =AVERAGE(E2:E2112) -> 0.12363898
A2: Tenofovir_alafenamide | B2: CC(C)OC(=O)[C@H](C)N[P@](=O)(CO[C@H](C)Cn1cnc2c(N)ncnc21)Oc1ccccc1 | C2: CHEMBL1241946 | D2: CC(=O)c1cccc(-c2nn(C(C)C)c3ncnc(N)c23)c1 | E2: 0.29268293
A3: Tenofovir_alafenamide | B3: CC(C)OC(=O)[C@H](C)N[P@](=O)(CO[C@H](C)Cn1cnc2c(N)ncnc21)Oc1ccccc1 | C3: CHEMBL1242029 | D3: COc1cccc(-c2nn(C(C)C)c3ncnc(N)c23)c1 | E3: 0.28395062
A4: Tenofovir_alafenamide | B4: CC(C)OC(=O)[C@H](C)N[P@](=O)(CO[C@H](C)Cn1cnc2c(N)ncnc21)Oc1ccccc1 | C4: CHEMBL1242115 | D4: CC(C)n1nc(-c2cccc(C(=O)NC3=NCCS3)c2)c2c(N)ncnc21 | E4: 0.27956989
A5: Tenofovir_alafenamide | B5: CC(C)OC(=O)[C@H](C)N[P@](=O)(CO[C@H](C)Cn1cnc2c(N)ncnc21)Oc1ccccc1 | C5: CHEMBL1241948 | D5: CC(C)n1nc(-c2cccc(NS(C)(=O)=O)c2)c2c(N)ncnc21 | E5: 0.26744186
A6: Tenofovir_alafenamide | B6: CC(C)OC(=O)[C@H](C)N[P@](=O)(CO[C@H](C)Cn1cnc2c(N)ncnc21)Oc1ccccc1 | C6: CHEMBL1241582 | D6: CC(C)n1nc(-c2cccc(CO)c2)c2c(N)ncnc21 | E6: 0.26506024
A7: Tenofovir_alafenamide | B7: CC(C)OC(=O)[C@H](C)N[P@](=O)(CO[C@H](C)Cn1cnc2c(N)ncnc21)Oc1ccccc1 | C7: CHEMBL1230790 | D7: CC(C)n1nc(-c2cccc(O)c2)c2c(N)ncnc21 | E7: 0.25925926
A8: Tenofovir_alafenamide | B8: CC(C)OC(=O)[C@H](C)N[P@](=O)(CO[C@H](C)Cn1cnc2c(N)ncnc21)Oc1ccccc1 | C8: CHEMBL1241773 | D8: CC(=O)c1ccc(-c2nn(C(C)C)c3ncnc(N)c23)cc1 | E8: 0.25925926
A9: Tenofovir_alafenamide | B9: CC(C)OC(=O)[C@H](C)N[P@](=O)(CO[C@H](C)Cn1cnc2c(N)ncnc21)Oc1ccccc1 | C9: CHEMBL1241862 | D9: CC(C)n1nc(-c2ccc(C(N)=O)c(Cl)c2)c2c(N)ncnc21 | E9: 0.25581395
A10: Tenofovir_alafenamide | B10: CC(C)OC(=O)[C@H](C)N[P@](=O)(CO[C@H](C)Cn1cnc2c(N)ncnc21)Oc1ccccc1 | C10: CHEMBL1241481 | D10: COc1cc(-c2nn(C(C)C)c3ncnc(N)c23)ccc1NC(=O)OC(C)(C)C | E10: 0.25531915
A11: Tenofovir_alafenamide | B11: CC(C)OC(=O)[C@H](C)N[P@](=O)(CO[C@H](C)Cn1cnc2c(N)ncnc21)Oc1ccccc1 | C11: CHEMBL1241486 | D11: COc1cc(-c2nn(C(C)C)c3ncnc(N)c23)ccc1NC(C)CO | E11: 0.25274725
A12: Tenofovir_alafenamide | B12: CC(C)OC(=O)[C@H](C)N[P@](=O)(CO[C@H](C)Cn1cnc2c(N)ncnc21)Oc1ccccc1 | C12: CHEMBL1242381 | D12: COc1ccc(-c2nn(CC(C)CO)c3ncnc(N)c23)cc1OC | E12: 0.25
A13: Tenofovir_alafenamide | B13: CC(C)OC(=O)[C@H](C)N[P@](=O)(CO[C@H](C)Cn1cnc2c(N)ncnc21)Oc1ccccc1 | C13: CHEMBL1242031 | D13: CC(C)n1nc(-c2cccc(S(N)(=O)=O)c2)c2c(N)ncnc21 | E13: 0.25
... A2112: Tenofovir_alafenamide | B2112: CC(C)OC(=O)[C@H](C)N[P@](=O)(CO[C@H](C)Cn1cnc2c(N)ncnc21)Oc1ccccc1 | C2112: CHEMBL416110 | D2112: CCCCCCCCCCCCCCCCOCCC[N+](C)(C)C.[Br-] | E2112: 0.0375

Sheet Kaempferol
A1: query_drug_id | B1: query_smiles | C1: ref_drug_id | D1: ref_smiles | E1: tanimoto_similarity | F1: =AVERAGE(E2:E2112) -> 0.095673926
A2: Kaempferol | B2: O=c1c(O)c(-c2ccc(O)cc2)oc2cc(O)cc(O)c12 | C2: CHEMBL50 | D2: O=c1c(O)c(-c2ccc(O)c(O)c2)oc2cc(O)cc(O)c12 | E2: 0.78378378
A3: Kaempferol | B3: O=c1c(O)c(-c2ccc(O)cc2)oc2cc(O)cc(O)c12 | C3: CHEMBL44 | D3: O=c1c(-c2ccc(O)cc2)coc2cc(O)cc(O)c12 | E3: 0.56097561
A4: Kaempferol | B4: O=c1c(O)c(-c2ccc(O)cc2)oc2cc(O)cc(O)c12 | C4: CHEMBL454440 | D4: Cc1c(O)c(O)cc2oc3cc(O)cc(O)c3c(=O)c12 | E4: 0.5
A5: Kaempferol | B5: O=c1c(O)c(-c2ccc(O)cc2)oc2cc(O)cc(O)c12 | C5: CHEMBL466154 | D5: Cc1cc(O)cc2oc3cc(O)cc(O)c3c(=O)c12 | E5: 0.5
A6: Kaempferol | B6: O=c1c(O)c(-c2ccc(O)cc2)oc2cc(O)cc(O)c12 | C6: CHEMBL519982 | D6: Cc1cc(O)cc2oc(=O)c3c(O)cc(O)cc3c12 | E6: 0.4
A7: Kaempferol | B7: O=c1c(O)c(-c2ccc(O)cc2)oc2cc(O)cc(O)c12 | C7: CHEMBL483526 | D7: COc1cc(O)c2c(=O)oc3cc(O)cc(C)c3c2c1 | E7: 0.33333333
A8: Kaempferol | B8: O=c1c(O)c(-c2ccc(O)cc2)oc2cc(O)cc(O)c12 | C8: CHEMBL483525 | D8: Cc1cc(O)cc2oc(=O)c3c(O)cc(OS(=O)(=O)O)cc3c12 | E8: 0.30909091
A9: Kaempferol | B9: O=c1c(O)c(-c2ccc(O)cc2)oc2cc(O)cc(O)c12 | C9: CHEMBL6246 | D9: O=c1oc2c(O)c(O)cc3c(=O)oc4c(O)c(O)cc1c4c23 | E9: 0.27906977
A10: Kaempferol | B10: O=c1c(O)c(-c2ccc(O)cc2)oc2cc(O)cc(O)c12 | C10: CHEMBL520144 | D10: COc1cc(O)c2c(=O)oc3c(O)c(O)cc(C)c3c2c1 | E10: 0.25454545
A11: Kaempferol | B11: O=c1c(O)c(-c2ccc(O)cc2)oc2cc(O)cc(O)c12 | C11: CHEMBL2163772 | D11: Oc1ccc2oc3ncc(O)c(-c4ccccc4)c3c2c1 | E11: 0.25454545
A12: Kaempferol | B12: O=c1c(O)c(-c2ccc(O)cc2)oc2cc(O)cc(O)c12 | C12: CHEMBL1969042 | D12: O=C1C=CC(=C2NNC(Nc3ccc(O)cc3)=C2c2ccc(O)cc2)C=C1 | E12: 0.23636364
A13: Kaempferol | B13: O=c1c(O)c(-c2ccc(O)cc2)oc2cc(O)cc(O)c12 | C13: CHEMBL267019 | D13: O=C1NC(=O)c2cc(Nc3ccc(O)cc3)c(Nc3ccc(O)cc3)cc21 | E13: 0.22916667
... A2112: Kaempferol | B2112: O=c1c(O)c(-c2ccc(O)cc2)oc2cc(O)cc(O)c12 | C2112: CHEMBL28893 | D2112: CCCCCCCCCCCCCCCCSCC(C[N+](C)(C)C)OC.[Br-] | E2112: 0

Sheet Genistein
A1: query_drug_id | B1: query_smiles | C1: ref_drug_id | D1: ref_smiles | E1: tanimoto_similarity | F1: =AVERAGE(E2:E2112) -> 0.10096769
A2: Genistein | B2: O=c1c(-c2ccc(O)cc2)coc2cc(O)cc(O)c12 | C2: CHEMBL44 | D2: O=c1c(-c2ccc(O)cc2)coccccc2cc(O)cc(O)c12 | E2: 0.55555556
A3: Genistein | B3: O=c1c(-c2ccc(O)cc2)coc2cc(O)cc(O)c12 | C3: CHEMBL50 | D3: O=c1c(O)c(-c2ccc(O)c(O)c2)oc2cc(O)cc(O)c12 | E3: 0.46666667
A4: Genistein | B4: O=c1c(-c2ccc(O)cc2)coc2cc(O)cc(O)c12 | C4: CHEMBL466154 | D4: Cc1cc(O)cc2oc3cc(O)cc(O)c3c(=O)c12 | E4: 0.42857143
A5: Genistein | B5: O=c1c(-c2ccc(O)cc2)coc2cc(O)cc(O)c12 | C5: CHEMBL454440 | D5: Cc1c(O)c(O)cc2oc3cc(O)cc(O)c3c(=O)c12 | E5: 0.4
A6: Genistein | B6: O=c1c(-c2ccc(O)cc2)coc2cc(O)cc(O)c12 | C6: CHEMBL519982 | D6: Cc1cc(O)cc2oc(=O)c3c(O)cc(O)cc3c12 | E6: 0.34042553
A7: Genistein | B7: O=c1c(-c2ccc(O)cc2)coc2cc(O)cc(O)c12 | C7: CHEMBL483526 | D7: COc1cc(O)c2c(=O)oc3cc(O)cc(C)c3c2c1 | E7: 0.28301887
A8: Genistein | B8: O=c1c(-c2ccc(O)cc2)coc2cc(O)cc(O)c12 | C8: CHEMBL574588 | D8: Cc1ccc(-c2ccc3occ(-c4ccc(S(C)=O)cc4)c3c2)o1 | E8: 0.26785714
A9: Genistein | B9: O=c1c(-c2ccc(O)cc2)coc2cc(O)cc(O)c12 | C9: CHEMBL483525 | D9: Cc1cc(O)cc2oc(=O)c3c(O)cc(OS(=O)(=O)O)cc3c12 | E9: 0.26315789
A10: Genistein | B10: O=c1c(-c2ccc(O)cc2)coc2cc(O)cc(O)c12 | C10: CHEMBL267019 | D10: O=C1NC(=O)c2cc(Nc3ccc(O)cc3)c(Nc3ccc(O)cc3)cc21 | E10: 0.25531915
A11: Genistein | B11: O=c1c(-c2ccc(O)cc2)coc2cc(O)cc(O)c12 | C11: CHEMBL574613 | D11: CCS(=O)c1ccc(-c2coc3ccc(-c4ccc(C)o4)cc23)cc1 | E11: 0.25
A12: Genistein | B12: O=c1c(-c2ccc(O)cc2)coc2cc(O)cc(O)c12 | C12: CHEMBL214253 | D12: O=C1NC(=O)c2c1c(-c1ccccc1)cc1[nH]c3ccc(O)cc3c21 | E12: 0.24561404
A13: Genistein | B13: O=c1c(-c2ccc(O)cc2)coc2cc(O)cc(O)c12 | C13: CHEMBL1980329 | D13: O=C1Nc2cc(-c3ccc(O)cc3)ccc2C1=Cc1ccc[nH]1 | E13: 0.24137931
... A2112: Genistein | B2112: O=c1c(-c2ccc(O)cc2)coc2cc(O)cc(O)c12 | C2112: CHEMBL28893 | D2112: CCCCCCCCCCCCCCCCSCC(C[N+](C)(C)C)OC.[Br-] | E2112: 0

Sheet Apigenin
A1: query_drug_id | B1: query_smiles | C1: ref_drug_id | D1: ref_smiles | E1: tanimoto_similarity | F1: =AVERAGE(E2:E2112) -> 0.095552754
A2: Apigenin | B2: O=c1cc(-c2ccc(O)cc2)oc2cc(O)cc(O)c12 | C2: CHEMBL44 | D2: O=c1c(-c2ccc(O)cc2)coc2cc(O)cc(O)c12 | E2: 0.5
A3: Apigenin | B3: O=c1cc(-c2ccc(O)cc2)oc2cc(O)cc(O)c12 | C3: CHEMBL50 | D3: O=c1c(O)c(-c2ccc(O)c(O)c2)oc2cc(O)cc(O)c12 | E3: 0.47727273
A4: Apigenin | B4: O=c1cc(-c2ccc(O)cc2)oc2cc(O)cc(O)c12 | C4: CHEMBL466154 | D4: Cc1cc(O)cc2oc3cc(O)cc(O)c3c(=O)c12 | E4: 0.43902439
A5: Apigenin | B5: O=c1cc(-c2ccc(O)cc2)oc2cc(O)cc(O)c12 | C5: CHEMBL519982 | D5: Cc1cc(O)cc2oc(=O)c3c(O)cc(O)cc3c12 | E5: 0.40909091
A6: Apigenin | B6: O=c1cc(-c2ccc(O)cc2)oc2cc(O)cc(O)c12 | C6: CHEMBL454440 | D6: Cc1c(O)c(O)cc2oc3cc(O)cc(O)c3c(=O)c12 | E6: 0.40909091
A7: Apigenin | B7: O=c1cc(-c2ccc(O)cc2)oc2cc(O)cc(O)c12 | C7: CHEMBL483526 | D7: COc1cc(O)c2c(=O)oc3cc(O)cc(C)c3c2c1 | E7: 0.34
A8: Apigenin | B8: O=c1cc(-c2ccc(O)cc2)oc2cc(O)cc(O)c12 | C8: CHEMBL483525 | D8: Cc1cc(O)cc2oc(=O)c3c(O)cc(OS(=O)(=O)O)cc3c12 | E8: 0.31481481
A9: Apigenin | B9: O=c1cc(-c2ccc(O)cc2)oc2cc(O)cc(O)c12 | C9: CHEMBL2163772 | D9: Oc1ccc2oc3ncc(O)c(-c4ccccc4)c3c2c1 | E9: 0.25925926
A10: Apigenin | B10: O=c1cc(-c2ccc(O)cc2)oc2cc(O)cc(O)c12 | C10: CHEMBL6246 | D10: O=c1oc2c(O)c(O)cc3c(=O)oc4c(O)c(O)cc1c4c23 | E10: 0.25581395
A11: Apigenin | B11: O=c1cc(-c2ccc(O)cc2)oc2cc(O)cc(O)c12 | C11: CHEMBL422897 | D11: CN1CCC(c2c(O)cc(O)c3c(=O)cc(-c4ccccc4Cl)oc23)C(O)C1 | E11: 0.25
A12: Apigenin | B12: O=c1cc(-c2ccc(O)cc2)oc2cc(O)cc(O)c12 | C12: CHEMBL1271642 | D12: NS(=O)(=O)c1ccc(Nc2ncc(-c3ccc(O)c(O)c3)o2)cc1 | E12: 0.24137931
A13: Apigenin | B13: O=c1cc(-c2ccc(O)cc2)oc2cc(O)cc(O)c12 | C13: CHEMBL520144 | D13: COc1cc(O)c2c(=O)oc3c(O)c(O)cc(C)c3c2c1 | E13: 0.23636364
... A2112: Apigenin | B2112: O=c1cc(-c2ccc(O)cc2)oc2cc(O)cc(O)c12 | C2112: CHEMBL28893 | D2112: CCCCCCCCCCCCCCCCSCC(C[N+](C)(C)C)OC.[Br-] | E2112: 0

Sheet Idarubicin
A1: query_drug_id | B1: query_smiles | C1: ref_drug_id | D1: ref_smiles | E1: tanimoto_similarity | F1: =AVERAGE(E2:E2112) -> 0.099775953
A2: Idarubicin | B2: CC(=O)[C@]1(O)Cc2c(O)c3c(c(O)c2[C@@H](O[C@H]2C[C@H](N)[C@H](O)[C@H](C)O2)C1)C(=O)c1ccccc1C3=O | C2: CHEMBL311573 | D2: CC1OC(O)C2OC(=O)c3cc(O)c(O)c(O)c3-c3c(cc(O)c(O)c3O)C(=O)OC2C1O | E2: 0.24675325
A3: Idarubicin | B3: CC(=O)[C@]1(O)Cc2c(O)c3c(c(O)c2[C@@H](O[C@H]2C[C@H](N)[C@H](O)[C@H](C)O2)C1)C(=O)c1ccccc1C3=O | C3: CHEMBL86771 | D3: Nc1ccc(N)c2c1C(=O)c1ccccc1C2=O | E3: 0.21538462
A4: Idarubicin | B4: CC(=O)[C@]1(O)Cc2c(O)c3c(c(O)c2[C@@H](O[C@H]2C[C@H](N)[C@H](O)[C@H](C)O2)C1)C(=O)c1ccccc1C3=O | C4: CHEMBL130163 | D4: COC1C(N(C)C(C)=O)CC2OC1(C)n1c3ccccc3c3c4c(c5c6ccccc6n2c5c31)C(=O)NC4 | E4: 0.20952381
A5: Idarubicin | B5: CC(=O)[C@]1(O)Cc2c(O)c3c(c(O)c2[C@@H](O[C@H]2C[C@H](N)[C@H](O)[C@H](C)O2)C1)C(=O)c1ccccc1C3=O | C5: CHEMBL39744 | D5: O=C(OC1C(O)CC(O)(C(=O)O)CC1O)c1cc(O)c(O)c(O)c1 | E5: 0.20253165
A6: Idarubicin | B6: CC(=O)[C@]1(O)Cc2c(O)c3c(c(O)c2[C@@H](O[C@H]2C[C@H](N)[C@H](O)[C@H](C)O2)C1)C(=O)c1ccccc1C3=O | C6: CHEMBL554993 | D6: COc1cc2c(c(O)c1-c1c(OC)cc(O)c3c1C(=O)C1=C(C3=O)C(O)C(O)C(C)(O)C1O)C(=O)c1cc(O)c(C)cc1C2=O | E6: 0.20212766
A7: Idarubicin | B7: CC(=O)[C@]1(O)Cc2c(O)c3c(c(O)c2[C@@H](O[C@H]2C[C@H](N)[C@H](O)[C@H](C)O2)C1)C(=O)c1ccccc1C3=O | C7: CHEMBL94678 | D7: COC(=O)C1(O)CC2OC1(C)n1c3ccccc3c3c4c(c5c6ccccc6n2c5c31)C(=O)NC4 | E7: 0.1980198
A8: Idarubicin | B8: CC(=O)[C@]1(O)Cc2c(O)c3c(c(O)c2[C@@H](O[C@H]2C[C@H](N)[C@H](O)[C@H](C)O2)C1)C(=O)c1ccccc1C3=O | C8: CHEMBL416056 | D8: COC(=O)C1(O)CC2OC1(C)n1c3ccccc3c3c4c(c5c6ccccc6n2c5c31)C(=O)NC4 | E8: 0.1980198
A9: Idarubicin | B9: CC(=O)[C@]1(O)Cc2c(O)c3c(c(O)c2[C@@H](O[C@H]2C[C@H](N)[C@H](O)[C@H](C)O2)C1)C(=O)c1ccccc1C3=O | C9: CHEMBL82762 | D9: O=C(OC1OC2CC(=O)c3cc(O)c(O)c(O)c3-c3c(cc(O)c(O)c3O)C(=O)OC2C(O)C1O)c1cc(O)c(O)c(O)c1 | E9: 0.1978022
A10: Idarubicin | B10: CC(=O)[C@]1(O)Cc2c(O)c3c(c(O)c2[C@@H](O[C@H]2C[C@H](N)[C@H](O)[C@H](C)O2)C1)C(=O)c1ccccc1C3=O | C10: CHEMBL611124 | D10: O=C1OCC2OC(=O)c3cc(O)c(O)c(O)c3-c3c(O)c(O)c(O)c4c3C(=O)OC(C2OC(=O)c2cc(O)c(O)c(O)c2-c2c1cc(O)c(O)c2O)C1OC(=O)c2c-4c(O)c(O)c(O)c2C1C1(O)OC(CO)C(O)C1O | E10: 0.19607843
A11: Idarubicin | B11: CC(=O)[C@]1(O)Cc2c(O)c3c(c(O)c2[C@@H](O[C@H]2C[C@H](N)[C@H](O)[C@H](C)O2)C1)C(=O)c1ccccc1C3=O | C11: CHEMBL449392 | D11: O=C(OC1OC2COC(=O)c3cc(O)c(O)c(O)c3-c3c(cc(O)c(O)c3O)C(=O)OC(C2O)C1O)c1cc(O)c(O)c(O)c1 | E11: 0.19565217
A12: Idarubicin | B12: CC(=O)[C@]1(O)Cc2c(O)c3c(c(O)c2[C@@H](O[C@H]2C[C@H](N)[C@H](O)[C@H](C)O2)C1)C(=O)c1ccccc1C3=O | C12: CHEMBL140600 | D12: CC12OC(CC1(O)C(=O)O)n1c3ccccc3c3c4c(c5c6ccccc6n2c5c31)CNC4=O | E12: 0.19387755
A13: Idarubicin | B13: CC(=O)[C@]1(O)Cc2c(O)c3c(c(O)c2[C@@H](O[C@H]2C[C@H](N)[C@H](O)[C@H](C)O2)C1)C(=O)c1ccccc1C3=O | C13: CHEMBL491592 | D13: O=C(OCC1OC(O)C(O)(COC(=O)c2cc(O)c(O)c(O)c2)C1O)c1cc(O)c(O)c(O)c1 | E13: 0.19277108
... A2112: Idarubicin | B2112: CC(=O)[C@]1(O)Cc2c(O)c3c(c(O)c2[C@@H](O[C@H]2C[C@H](N)[C@H](O)[C@H](C)O2)C1)C(=O)c1ccccc1C3=O | C2112: CHEMBL1996923 | D2112: Clc1cc2n[nH]nc2cc1Cl | E2112: 0.027027027

Sheet Astemizole
A1: query_drug_id | B1: query_smiles | C1: ref_drug_id | D1: ref_smiles | E1: tanimoto_similarity | F1: =AVERAGE(E2:E2112) -> 0.11670262
A2: Astemizole | B2: COc1ccc(CCN2CCC(Nc3nc4ccccc4n3Cc3ccc(F)cc3)CC2)cc1 | C2: CHEMBL2312645 | D2: COc1ccccc1CNc1ncc(C(=O)NC2CCN(C)CC2)c(NC2CCCC2)n1 | E2: 0.26373626
A3: Astemizole | B3: COc1ccc(CCN2CCC(Nc3nc4ccccc4n3Cc3ccc(F)cc3)CC2)cc1 | C3: CHEMBL1986855 | D3: COc1ccc(CNc2cc(-c3c[nH]c4ncccc34)cc(F)n2)cc1 | E3: 0.25882353
A4: Astemizole | B4: COc1ccc(CCN2CCC(Nc3nc4ccccc4n3Cc3ccc(F)cc3)CC2)cc1 | C4: CHEMBL1933288 | D4: CC1CCNC(=O)c2cc3ccc(C(=O)Nc4nc5ccccc5n4CCCN(C)C)cc3n21 | E4: 0.25773196
A5: Astemizole | B5: COc1ccc(CCN2CCC(Nc3nc4ccccc4n3Cc3ccc(F)cc3)CC2)cc1 | C5: CHEMBL606964 | D5: COc1ccc(N2Cc3cnc(Nc4ccc(F)cc4)nc3N(C3CCC(O)C3)C2=O)cc1 | E5: 0.25531915
A6: Astemizole | B6: COc1ccc(CCN2CCC(Nc3nc4ccccc4n3Cc3ccc(F)cc3)CC2)cc1 | C6: CHEMBL1973016 | D6: CS(=O)(=O)c1cccc(C(=O)Nc2nc3ccccc3n2CCCO)c1 | E6: 0.24705882
A7: Astemizole | B7: COc1ccc(CCN2CCC(Nc3nc4ccccc4n3Cc3ccc(F)cc3)CC2)cc1 | C7: CHEMBL300549 | D7: Cn1cc(C2=C(c3cn(C4CCN(Cc5ccccc5)CC4)c4ccccc34)C(=O)NC2=O)c2ccccc21 | E7: 0.24705882
A8: Astemizole | B8: COc1ccc(CCN2CCC(Nc3nc4ccccc4n3Cc3ccc(F)cc3)CC2)cc1 | C8: CHEMBL2111784 | D8: CC(Nc1cc(-c2sc(C3CCN(C)CC3)nc2-c2ccc(F)cc2)ccn1)c1ccccc1 | E8: 0.24175824
A9: Astemizole | B9: COc1ccc(CCN2CCC(Nc3nc4ccccc4n3Cc3ccc(F)cc3)CC2)cc1 | C9: CHEMBL120185 | D9: CN1CCN(c2ccc3c(n2)nc(-c2ccc(F)cc2)n3-c2ccnc(NC3CCCC3)n2)CC1 | E9: 0.24175824
A10: Astemizole | B10: COc1ccc(CCN2CCC(Nc3nc4ccccc4n3Cc3ccc(F)cc3)CC2)cc1 | C10: CHEMBL1996646 | D10: COc1cccc(OC)c1CNc1nc(NC2CCCCC2)nc2ccc(Cl)cc12 | E10: 0.24137931
A11: Astemizole | B11: COc1ccc(CCN2CCC(Nc3nc4ccccc4n3Cc3ccc(F)cc3)CC2)cc1 | C11: CHEMBL291975 | D11: Cn1cc(C2=C(c3cn(C4CCN(Cc5ccccc5)C4)c4ccccc34)C(=O)NC2=O)c2ccccc21 | E11: 0.24137931
A12: Astemizole | B12: COc1ccc(CCN2CCC(Nc3nc4ccccc4n3Cc3ccc(F)cc3)CC2)cc1 | C12: CHEMBL256835 | D12: COc1nccc(-c2c(-c3ccc(F)cc3)ncn2C2CCC(O)CC2)n1 | E12: 0.23809524
A13: Astemizole | B13: COc1ccc(CCN2CCC(Nc3nc4ccccc4n3Cc3ccc(F)cc3)CC2)cc1 | C13: CHEMBL1972183 | D13: CN1CCCC1COc1cncc(CCc2ccccc2)c1 | E13: 0.2375
... A2112: Astemizole | B2112: COc1ccc(CCN2CCC(Nc3nc4ccccc4n3Cc3ccc(F)cc3)CC2)cc1 | C2112: CHEMBL6246 | D2112: O=c1oc2c(O)c(O)cc3c(=O)oc4c(O)c(O)cc1c4c23 | E2112: 0.025974026
